[{"id":1,"question":"What are the check-in and check-out times?","answer":"Check-in time is 2:00 PM and check-out time is 11:00 AM. Early check-in and late check-out may be available upon request.","category":"BOOKING","displayOrder":1,"active":true,"createdAt":[2025,9,30,11,28,14,565686000]},{"id":2,"question":"What payment methods do you accept?","answer":"We accept all major credit cards, bank transfers, and cash payments in Sri Lankan Rupees (LKR).","category":"PAYMENT","displayOrder":2,"active":true,"createdAt":[2025,9,30,11,28,14,567685000]},{"id":3,"question":"Is WiFi available throughout the hotel?","answer":"Yes, complimentary high-speed WiFi is available in all rooms and public areas of the hotel.","category":"AMENITIES","displayOrder":3,"active":true,"createdAt":[2025,9,30,11,28,14,568684000]},{"id":4,"question":"Do you provide airport transportation?","answer":"Yes, we offer airport pickup and drop-off services. Please book in advance for guaranteed availability.","category":"TRANSPORTATION","displayOrder":4,"active":true,"createdAt":[2025,9,30,11,28,14,570683000]},{"id":33,"question":"shashith","answer":"dw","category":"PAYMENT","displayOrder":0,"active":true,"createdAt":[2025,9,30,11,51,17,317693000]},{"id":34,"question":"shashith5","answer":"dwad","category":"PAYMENT","displayOrder":0,"active":true,"createdAt":[2025,9,30,12,2,44,966439000]}]