[{"id":1,"activityName":"Colombo City Tour","description":"Explore the vibrant capital city with visits to historical sites, markets, and cultural landmarks.","location":"Colombo","duration":"Half Day","price":5000.00,"imageUrl":"https://images.unsplash.com/photo-1506905925346-21bda4d32df4?ixlib=rb-4.0.3&auto=format&fit=crop&w=500&q=80","type":"SIGHTSEEING","active":true,"createdAt":[2025,9,30,11,28,14,535705000]},{"id":2,"activityName":"Beach Relaxation","description":"Spend a relaxing day at the beautiful beaches with water sports and beachside dining.","location":"Mount Lavinia Beach","duration":"Full Day","price":8000.00,"imageUrl":"https://images.unsplash.com/photo-1544551763-46a013bb70d5?ixlib=rb-4.0.3&auto=format&fit=crop&w=500&q=80","type":"RELAXATION","active":true,"createdAt":[2025,9,30,11,28,14,539703000]},{"id":3,"activityName":"Cultural Heritage Tour","description":"Discover Sri Lanka's rich cultural heritage with visits to temples, museums, and traditional villages.","location":null,"duration":"3","price":12000.00,"imageUrl":"https://images.unsplash.com/photo-1578662996442-48f60103fc96?ixlib=rb-4.0.3&auto=format&fit=crop&w=500&q=80","type":"CULTURAL","active":true,"createdAt":[2025,9,30,11,28,14,541701000]},{"id":33,"activityName":"Colombo City Tour","description":"45","location":null,"duration":"4","price":42.00,"imageUrl":"https://images.unsplash.com/photo-1631049307264-da0ec9d70304?ixlib=rb-4.0.3&auto=format&fit=crop&w=500&q=80","type":"ADVENTURE","active":true,"createdAt":[2025,9,30,11,43,16,162265000]}]