[{"id":1,"title":"Early Bird Special","description":"Book 30 days in advance and get 20% off on all packages!","discountPercentage":20,"minimumAmount":null,"validFrom":[2025,9,30],"validTo":[2025,12,30],"imageUrl":null,"type":"EARLY_BIRD","promoCode":"EARLY20","active":true,"createdAt":[2025,9,30,11,28,14,555694000]},{"id":2,"title":"Weekend Getaway","description":"Special rates for weekend stays with complimentary breakfast.","discountPercentage":15,"minimumAmount":null,"validFrom":[2025,9,30],"validTo":[2025,11,30],"imageUrl":null,"type":"SEASONAL","promoCode":"WEEKEND15","active":true,"createdAt":[2025,9,30,11,28,14,560689000]},{"id":3,"title":"Group Booking Discount","description":"Book for 5 or more rooms and get 25% off!","discountPercentage":25,"minimumAmount":100000.00,"validFrom":[2025,9,30],"validTo":[2026,3,30],"imageUrl":null,"type":"GROUP","promoCode":"GROUP25","active":true,"createdAt":[2025,9,30,11,28,14,561688000]},{"id":33,"title":"r2","description":"f","discountPercentage":34,"minimumAmount":null,"validFrom":[2025,9,5],"validTo":[2025,9,10],"imageUrl":null,"type":"LAST_MINUTE","promoCode":null,"active":true,"createdAt":[2025,9,30,11,44,57,461235000]},{"id":65,"title":"r2","description":"faf","discountPercentage":34,"minimumAmount":null,"validFrom":[2025,9,4],"validTo":[2025,9,18],"imageUrl":null,"type":"LAST_MINUTE","promoCode":null,"active":true,"createdAt":[2025,9,30,12,2,23,471441000]},{"id":66,"title":"64","description":"644","discountPercentage":6,"minimumAmount":null,"validFrom":[2025,9,5],"validTo":[2025,9,19],"imageUrl":null,"type":"EARLY_BIRD","promoCode":null,"active":true,"createdAt":[2025,9,30,13,6,22,527900000]}]