[{"id":1,"name":"Romantic Honeymoon Getaway","description":"Perfect for newlyweds! Enjoy 3 days of luxury with candlelight dinners, spa treatments, and romantic room decorations.","price":150000.00,"type":"HONEYMOON","duration":3,"imageUrl":"https://images.unsplash.com/photo-1566073771259-6a8506099945?ixlib=rb-4.0.3&auto=format&fit=crop&w=500&q=80","active":true,"createdAt":[2025,9,30,11,28,14,511719000],"bookings":[]},{"id":2,"name":"Business Executive Suite","description":"Ideal for business travelers. Includes high-speed WiFi, meeting rooms, and airport transfers.","price":75000.00,"type":"BUSINESS","duration":2,"imageUrl":"https://images.unsplash.com/photo-1631049307264-da0ec9d70304?ixlib=rb-4.0.3&auto=format&fit=crop&w=500&q=80","active":true,"createdAt":[2025,9,30,11,28,14,518715000],"bookings":[]},{"id":3,"name":"Family Fun Adventure","description":"Great for families! Includes kids' activities, family-friendly meals, and entertainment shows.","price":120000.00,"type":"FAMILY","duration":4,"imageUrl":"https://images.unsplash.com/photo-1571896349842-33c89424de2d?ixlib=rb-4.0.3&auto=format&fit=crop&w=500&q=80","active":true,"createdAt":[2025,9,30,11,28,14,520714000],"bookings":[]},{"id":33,"name":"Sam","description":"53","price":358.00,"type":"HONEYMOON","duration":53,"imageUrl":"https://images.unsplash.com/photo-1631049307264-da0ec9d70304?ixlib=rb-4.0.3&auto=format&fit=crop&w=500&q=80","active":true,"createdAt":[2025,9,30,11,31,28,82859000],"bookings":[]},{"id":34,"name":"senuvi","description":"53","price":353.00,"type":"HONEYMOON","duration":53,"imageUrl":"https://images.unsplash.com/photo-1631049307264-da0ec9d70304?ixlib=rb-4.0.3&auto=format&fit=crop&w=500&q=80","active":true,"createdAt":[2025,9,30,11,50,21,929846000],"bookings":[]}]