[{"id":1,"roomNumber":"101","roomType":"Deluxe Room","pricePerNight":25000.00,"capacity":2,"description":"Spacious room with city view, king-size bed, and modern amenities.","amenities":null,"imageUrl":"https://images.unsplash.com/photo-1631049307264-da0ec9d70304?ixlib=rb-4.0.3&auto=format&fit=crop&w=500&q=80","status":"AVAILABLE","active":true,"createdAt":[2025,9,30,11,28,14,526710000],"bookings":[]},{"id":2,"roomNumber":"201","roomType":"Executive Suite","pricePerNight":45000.00,"capacity":4,"description":"Luxurious suite with separate living area, ocean view, and premium services.","amenities":"WiFi, Air Conditioning, Mini Bar, TV, Room Service, Balcony, Jacuzzi","imageUrl":"https://images.unsplash.com/photo-1578683010236-d716f9a3f461?ixlib=rb-4.0.3&auto=format&fit=crop&w=500&q=80","status":"AVAILABLE","active":true,"createdAt":[2025,9,30,11,28,14,530707000],"bookings":[]},{"id":3,"roomNumber":"305","roomType":"Family Room","pricePerNight":35000.00,"capacity":6,"description":"Perfect for families with connecting rooms and child-friendly amenities.","amenities":null,"imageUrl":"https://images.unsplash.com/photo-1571896349842-33c89424de2d?ixlib=rb-4.0.3&auto=format&fit=crop&w=500&q=80","status":"AVAILABLE","active":true,"createdAt":[2025,9,30,11,28,14,531707000],"bookings":[]},{"id":65,"roomNumber":"35","roomType":"42","pricePerNight":4.00,"capacity":4,"description":"45","amenities":null,"imageUrl":"https://images.unsplash.com/photo-1631049307264-da0ec9d70304?ixlib=rb-4.0.3&auto=format&fit=crop&w=500&q=80","status":"AVAILABLE","active":true,"createdAt":[2025,9,30,11,58,27,195261000],"bookings":[]},{"id":67,"roomNumber":"eq","roomType":"q3","pricePerNight":244224.00,"capacity":3,"description":"eq","amenities":null,"imageUrl":"https://images.unsplash.com/photo-1631049307264-da0ec9d70304?ixlib=rb-4.0.3&auto=format&fit=crop&w=500&q=80","status":"AVAILABLE","active":true,"createdAt":[2025,9,30,13,4,52,153007000],"bookings":[]}]