[{"id":1,"serviceName":"Airport Pickup Service","description":"Comfortable transfer from Bandaranaike International Airport to the hotel.","type":"AIRPORT_PICKUP","fromLocation":"BIA Airport","toLocation":"SAM Hotel","price":3000.00,"duration":"45 minutes","capacity":4,"imageUrl":null,"active":true,"createdAt":[2025,9,30,11,28,14,545698000]},{"id":2,"serviceName":"City Tour Vehicle","description":"Air-conditioned vehicle with driver for city sightseeing tours.","type":"CITY_TOUR","fromLocation":"Hotel","toLocation":"Various Locations","price":15000.00,"duration":"8 hours","capacity":6,"imageUrl":null,"active":true,"createdAt":[2025,9,30,11,28,14,548697000]},{"id":3,"serviceName":"Intercity Travel","description":"Comfortable travel to other cities like Kandy, Galle, and Nuwara Eliya.","type":"INTERCITY","fromLocation":"Colombo","toLocation":"Various Cities","price":25000.00,"duration":"3-6 hours","capacity":4,"imageUrl":null,"active":true,"createdAt":[2025,9,30,11,28,14,550695000]},{"id":33,"serviceName":"Airport Pickup Service","description":"fwa","type":"AIRPORT_PICKUP","fromLocation":"42","toLocation":"42","price":42.00,"duration":"42","capacity":3,"imageUrl":"https://images.unsplash.com/photo-1566073771259-6a8506099945?ixlib=rb-4.0.3&auto=format&fit=crop&w=500&q=80","active":true,"createdAt":[2025,9,30,11,33,52,768277000]},{"id":34,"serviceName":"Airport Pickup Service","description":"Comfortable transfer from Bandaranaike International Airport to the hotel.","type":"AIRPORT_PICKUP","fromLocation":"BIA Airport","toLocation":"SAM Hotel","price":3000.00,"duration":"45 minutes","capacity":4,"imageUrl":"","active":true,"createdAt":[2025,9,30,11,34,0,234091000]},{"id":35,"serviceName":"Airport Pickup Service","description":"fw7","type":"AIRPORT_PICKUP","fromLocation":"42","toLocation":"42","price":42.00,"duration":"42","capacity":3,"imageUrl":"https://images.unsplash.com/photo-1566073771259-6a8506099945?ixlib=rb-4.0.3&auto=format&fit=crop&w=500&q=80","active":true,"createdAt":[2025,9,30,11,59,31,572664000]},{"id":36,"serviceName":"City Tour Vehicle","description":"Air-conditioned vehicle with driver for city sightseeing tours.","type":"CITY_TOUR","fromLocation":"Hotel","toLocation":"Various Locations","price":15000.00,"duration":"8 hours","capacity":6,"imageUrl":"https://images.unsplash.com/photo-1506905925346-21bda4d32df4?ixlib=rb-4.0.3&auto=format&fit=crop&w=500&q=80","active":true,"createdAt":[2025,9,30,11,59,44,237853000]}]